NUID,CHGENROL_13,FRACDEGRE_13,RETPCNT_13,CHGENROL_14,FRACDEGRE_14,RETPCNT_14,CHGENROL_15,FRACDEGRE_15,RETPCNT_15,CHGENROL_16,FRACDEGRE_16,RETPCNT_16
9219.0,1.0082907952803501,0.22638648043465226,88.796,0.9807778442920009,0.20704743798316658,60.245,1.0002956828500014,0.18562300784149935,71.0445,1.0002956828500014,0.18562300784149935,71.0445
8874.0,1.0082907952803501,0.22638648043465226,88.796,0.9807778442920009,0.20704743798316658,60.245,1.0002956828500014,0.18562300784149935,71.0445,1.0002956828500014,0.18562300784149935,71.0445
9774.0,1.0082907952803501,0.22638648043465226,88.796,0.9807778442920009,0.20704743798316658,60.245,1.0002956828500014,0.18562300784149935,71.0445,1.0002956828500014,0.18562300784149935,71.0445
8377.0,1.0082907952803501,0.22638648043465226,88.796,0.9807778442920009,0.20704743798316658,60.245,1.0002956828500014,0.18562300784149935,71.0445,1.0002956828500014,0.18562300784149935,71.0445
9424.0,1.0082907952803501,0.22638648043465226,88.796,0.9807778442920009,0.20704743798316658,60.245,1.0002956828500014,0.18562300784149935,71.0445,1.0002956828500014,0.18562300784149935,71.0445
8360.0,1.0082907952803501,0.22638648043465226,88.796,0.9807778442920009,0.20704743798316658,60.245,1.0002956828500014,0.18562300784149935,71.0445,1.0002956828500014,0.18562300784149935,71.0445
9577.0,1.0082907952803501,0.22638648043465226,88.796,0.9807778442920009,0.20704743798316658,60.245,1.0002956828500014,0.18562300784149935,71.0445,1.0002956828500014,0.18562300784149935,71.0445
8369.0,1.0082907952803501,0.22638648043465226,88.796,0.9807778442920009,0.20704743798316658,60.245,1.0002956828500014,0.18562300784149935,71.0445,1.0002956828500014,0.18562300784149935,71.0445
9317.0,1.0082907952803501,0.22638648043465226,88.796,0.9807778442920009,0.20704743798316658,60.245,1.0002956828500014,0.18562300784149935,71.0445,1.0002956828500014,0.18562300784149935,71.0445
8412.0,1.0082907952803501,0.22638648043465226,88.796,0.9807778442920009,0.20704743798316658,60.245,1.0002956828500014,0.18562300784149935,71.0445,1.0002956828500014,0.18562300784149935,71.0445
8572.0,1.0082907952803501,0.22638648043465226,88.796,0.9807778442920009,0.20704743798316658,60.245,1.0002956828500014,0.18562300784149935,71.0445,1.0002956828500014,0.18562300784149935,71.0445
9925.0,1.0082907952803501,0.22638648043465226,88.796,0.9807778442920009,0.20704743798316658,60.245,1.0002956828500014,0.18562300784149935,71.0445,1.0002956828500014,0.18562300784149935,71.0445
9122.0,1.0082907952803501,0.22638648043465226,88.796,0.9807778442920009,0.20704743798316658,60.245,1.0002956828500014,0.18562300784149935,71.0445,1.0002956828500014,0.18562300784149935,71.0445
9621.0,1.0082907952803501,0.22638648043465226,88.796,0.9807778442920009,0.20704743798316658,60.245,1.0002956828500014,0.18562300784149935,71.0445,1.0002956828500014,0.18562300784149935,71.0445
9207.0,1.0082907952803501,0.22638648043465226,88.796,0.9807778442920009,0.20704743798316658,60.245,1.0002956828500014,0.18562300784149935,71.0445,1.0002956828500014,0.18562300784149935,71.0445
9524.0,1.0082907952803501,0.22638648043465226,88.796,0.9807778442920009,0.20704743798316658,60.245,1.0002956828500014,0.18562300784149935,71.0445,1.0002956828500014,0.18562300784149935,71.0445
8876.0,1.0082907952803501,0.22638648043465226,88.796,0.9807778442920009,0.20704743798316658,60.245,1.0002956828500014,0.18562300784149935,71.0445,1.0002956828500014,0.18562300784149935,71.0445
9878.0,1.0082907952803501,0.22638648043465226,88.796,0.9807778442920009,0.20704743798316658,60.245,1.0002956828500014,0.18562300784149935,71.0445,1.0002956828500014,0.18562300784149935,71.0445
9486.0,1.0082907952803501,0.22638648043465226,88.796,0.9807778442920009,0.20704743798316658,60.245,1.0002956828500014,0.18562300784149935,71.0445,1.0002956828500014,0.18562300784149935,71.0445
9244.0,1.0082907952803501,0.22638648043465226,88.796,0.9807778442920009,0.20704743798316658,60.245,1.0002956828500014,0.18562300784149935,71.0445,1.0002956828500014,0.18562300784149935,71.0445
8613.0,1.0082907952803501,0.22638648043465226,88.796,0.9807778442920009,0.20704743798316658,60.245,1.0002956828500014,0.18562300784149935,71.0445,1.0002956828500014,0.18562300784149935,71.0445
8615.0,1.0082907952803501,0.22638648043465226,88.796,0.9807778442920009,0.20704743798316658,60.245,1.0002956828500014,0.18562300784149935,71.0445,1.0002956828500014,0.18562300784149935,71.0445
9256.0,1.0082907952803501,0.22638648043465226,88.796,0.9807778442920009,0.20704743798316658,60.245,1.0002956828500014,0.18562300784149935,71.0445,1.0002956828500014,0.18562300784149935,71.0445
9042.0,1.0082907952803501,0.22638648043465226,88.796,0.9807778442920009,0.20704743798316658,60.245,1.0002956828500014,0.18562300784149935,71.0445,1.0002956828500014,0.18562300784149935,71.0445
8916.0,1.0082907952803501,0.22638648043465226,88.796,0.9807778442920009,0.20704743798316658,60.245,1.0002956828500014,0.18562300784149935,71.0445,1.0002956828500014,0.18562300784149935,71.0445
9594.0,1.0082907952803501,0.22638648043465226,88.796,0.9807778442920009,0.20704743798316658,60.245,1.0002956828500014,0.18562300784149935,71.0445,1.0002956828500014,0.18562300784149935,71.0445
9773.0,1.0082907952803501,0.22638648043465226,88.796,0.9807778442920009,0.20704743798316658,60.245,1.0002956828500014,0.18562300784149935,71.0445,1.0002956828500014,0.18562300784149935,71.0445
9112.0,1.0082907952803501,0.22638648043465226,88.796,0.9807778442920009,0.20704743798316658,60.245,1.0002956828500014,0.18562300784149935,71.0445,1.0002956828500014,0.18562300784149935,71.0445
8727.0,1.0082907952803501,0.22638648043465226,88.796,0.9807778442920009,0.20704743798316658,60.245,1.0002956828500014,0.18562300784149935,71.0445,1.0002956828500014,0.18562300784149935,71.0445
9748.0,1.0082907952803501,0.22638648043465226,88.796,0.9807778442920009,0.20704743798316658,60.245,1.0002956828500014,0.18562300784149935,71.0445,1.0002956828500014,0.18562300784149935,71.0445
9156.0,1.0082907952803501,0.22638648043465226,88.796,0.9807778442920009,0.20704743798316658,60.245,1.0002956828500014,0.18562300784149935,71.0445,1.0002956828500014,0.18562300784149935,71.0445
8538.0,1.0082907952803501,0.22638648043465226,88.796,0.9807778442920009,0.20704743798316658,60.245,1.0002956828500014,0.18562300784149935,71.0445,1.0002956828500014,0.18562300784149935,71.0445
8553.0,1.0082907952803501,0.22638648043465226,88.796,0.9807778442920009,0.20704743798316658,60.245,1.0002956828500014,0.18562300784149935,71.0445,1.0002956828500014,0.18562300784149935,71.0445
9145.0,1.0082907952803501,0.22638648043465226,88.796,0.9807778442920009,0.20704743798316658,60.245,1.0002956828500014,0.18562300784149935,71.0445,1.0002956828500014,0.18562300784149935,71.0445
9829.0,1.0082907952803501,0.22638648043465226,88.796,0.9807778442920009,0.20704743798316658,60.245,1.0002956828500014,0.18562300784149935,71.0445,1.0002956828500014,0.18562300784149935,71.0445
9805.0,1.0082907952803501,0.22638648043465226,88.796,0.9807778442920009,0.20704743798316658,60.245,1.0002956828500014,0.18562300784149935,71.0445,1.0002956828500014,0.18562300784149935,71.0445
8460.0,1.0082907952803501,0.22638648043465226,88.796,0.9807778442920009,0.20704743798316658,60.245,1.0002956828500014,0.18562300784149935,71.0445,1.0002956828500014,0.18562300784149935,71.0445
8946.0,1.0082907952803501,0.22638648043465226,88.796,0.9807778442920009,0.20704743798316658,60.245,1.0002956828500014,0.18562300784149935,71.0445,1.0002956828500014,0.18562300784149935,71.0445
9507.0,1.0082907952803501,0.22638648043465226,88.796,0.9807778442920009,0.20704743798316658,60.245,1.0002956828500014,0.18562300784149935,71.0445,1.0002956828500014,0.18562300784149935,71.0445
9672.0,1.0082907952803501,0.22638648043465226,88.796,0.9807778442920009,0.20704743798316658,60.245,1.0002956828500014,0.18562300784149935,71.0445,1.0002956828500014,0.18562300784149935,71.0445
9261.0,1.0082907952803501,0.22638648043465226,88.796,0.9807778442920009,0.20704743798316658,60.245,1.0002956828500014,0.18562300784149935,71.0445,1.0002956828500014,0.18562300784149935,71.0445
8871.0,1.0082907952803501,0.22638648043465226,88.796,0.9807778442920009,0.20704743798316658,60.245,1.0002956828500014,0.18562300784149935,71.0445,1.0002956828500014,0.18562300784149935,71.0445
9526.0,1.0082907952803501,0.22638648043465226,88.796,0.9807778442920009,0.20704743798316658,60.245,1.0002956828500014,0.18562300784149935,71.0445,1.0002956828500014,0.18562300784149935,71.0445
8717.0,1.0082907952803501,0.22638648043465226,88.796,0.9807778442920009,0.20704743798316658,60.245,1.0002956828500014,0.18562300784149935,71.0445,1.0002956828500014,0.18562300784149935,71.0445
8341.0,1.0082907952803501,0.22638648043465226,88.796,0.9807778442920009,0.20704743798316658,60.245,1.0002956828500014,0.18562300784149935,71.0445,1.0002956828500014,0.18562300784149935,71.0445
8816.0,1.0082907952803501,0.22638648043465226,88.796,0.9807778442920009,0.20704743798316658,60.245,1.0002956828500014,0.18562300784149935,71.0445,1.0002956828500014,0.18562300784149935,71.0445
9785.0,1.0082907952803501,0.22638648043465226,88.796,0.9807778442920009,0.20704743798316658,60.245,1.0002956828500014,0.18562300784149935,71.0445,1.0002956828500014,0.18562300784149935,71.0445
9680.0,1.0082907952803501,0.22638648043465226,88.796,0.9807778442920009,0.20704743798316658,60.245,1.0002956828500014,0.18562300784149935,71.0445,1.0002956828500014,0.18562300784149935,71.0445
9164.0,1.0082907952803501,0.22638648043465226,88.796,0.9807778442920009,0.20704743798316658,60.245,1.0002956828500014,0.18562300784149935,71.0445,1.0002956828500014,0.18562300784149935,71.0445
9896.0,1.0082907952803501,0.22638648043465226,88.796,0.9807778442920009,0.20704743798316658,60.245,1.0002956828500014,0.18562300784149935,71.0445,1.0002956828500014,0.18562300784149935,71.0445
9416.0,1.0082907952803501,0.22638648043465226,88.796,0.9807778442920009,0.20704743798316658,60.245,1.0002956828500014,0.18562300784149935,71.0445,1.0002956828500014,0.18562300784149935,71.0445
9891.0,1.0082907952803501,0.22638648043465226,88.796,0.9807778442920009,0.20704743798316658,60.245,1.0002956828500014,0.18562300784149935,71.0445,1.0002956828500014,0.18562300784149935,71.0445
9176.0,1.0082907952803501,0.22638648043465226,88.796,0.9807778442920009,0.20704743798316658,60.245,1.0002956828500014,0.18562300784149935,71.0445,1.0002956828500014,0.18562300784149935,71.0445
9729.0,1.0082907952803501,0.22638648043465226,88.796,0.9807778442920009,0.20704743798316658,60.245,1.0002956828500014,0.18562300784149935,71.0445,1.0002956828500014,0.18562300784149935,71.0445
8778.0,1.0082907952803501,0.22638648043465226,88.796,0.9807778442920009,0.20704743798316658,60.245,1.0002956828500014,0.18562300784149935,71.0445,1.0002956828500014,0.18562300784149935,71.0445
8581.0,1.0082907952803501,0.22638648043465226,88.796,0.9807778442920009,0.20704743798316658,60.245,1.0002956828500014,0.18562300784149935,71.0445,1.0002956828500014,0.18562300784149935,71.0445
9765.0,1.0082907952803501,0.22638648043465226,88.796,0.9807778442920009,0.20704743798316658,60.245,1.0002956828500014,0.18562300784149935,71.0445,1.0002956828500014,0.18562300784149935,71.0445
8357.0,1.0082907952803501,0.22638648043465226,88.796,0.9807778442920009,0.20704743798316658,60.245,1.0002956828500014,0.18562300784149935,71.0445,1.0002956828500014,0.18562300784149935,71.0445
8788.0,1.0082907952803501,0.22638648043465226,88.796,0.9807778442920009,0.20704743798316658,60.245,1.0002956828500014,0.18562300784149935,71.0445,1.0002956828500014,0.18562300784149935,71.0445
9377.0,1.0082907952803501,0.22638648043465226,88.796,0.9807778442920009,0.20704743798316658,60.245,1.0002956828500014,0.18562300784149935,71.0445,1.0002956828500014,0.18562300784149935,71.0445
9284.0,1.0082907952803501,0.22638648043465226,88.796,0.9807778442920009,0.20704743798316658,60.245,1.0002956828500014,0.18562300784149935,71.0445,1.0002956828500014,0.18562300784149935,71.0445
9634.0,1.0082907952803501,0.22638648043465226,88.796,0.9807778442920009,0.20704743798316658,60.245,1.0002956828500014,0.18562300784149935,71.0445,1.0002956828500014,0.18562300784149935,71.0445
8941.0,1.0082907952803501,0.22638648043465226,88.796,0.9807778442920009,0.20704743798316658,60.245,1.0002956828500014,0.18562300784149935,71.0445,1.0002956828500014,0.18562300784149935,71.0445
8966.0,1.0082907952803501,0.22638648043465226,88.796,0.9807778442920009,0.20704743798316658,60.245,1.0002956828500014,0.18562300784149935,71.0445,1.0002956828500014,0.18562300784149935,71.0445
9493.0,1.0082907952803501,0.22638648043465226,88.796,0.9807778442920009,0.20704743798316658,60.245,1.0002956828500014,0.18562300784149935,71.0445,1.0002956828500014,0.18562300784149935,71.0445
8440.0,1.0082907952803501,0.22638648043465226,88.796,0.9807778442920009,0.20704743798316658,60.245,1.0002956828500014,0.18562300784149935,71.0445,1.0002956828500014,0.18562300784149935,71.0445
8304.0,1.0082907952803501,0.22638648043465226,88.796,0.9807778442920009,0.20704743798316658,60.245,1.0002956828500014,0.18562300784149935,71.0445,1.0002956828500014,0.18562300784149935,71.0445
9249.0,1.0082907952803501,0.22638648043465226,88.796,0.9807778442920009,0.20704743798316658,60.245,1.0002956828500014,0.18562300784149935,71.0445,1.0002956828500014,0.18562300784149935,71.0445
9565.0,1.0082907952803501,0.22638648043465226,88.796,0.9807778442920009,0.20704743798316658,60.245,1.0002956828500014,0.18562300784149935,71.0445,1.0002956828500014,0.18562300784149935,71.0445
8398.0,1.0082907952803501,0.22638648043465226,88.796,0.9807778442920009,0.20704743798316658,60.245,1.0002956828500014,0.18562300784149935,71.0445,1.0002956828500014,0.18562300784149935,71.0445
8407.0,1.0082907952803501,0.22638648043465226,88.796,0.9807778442920009,0.20704743798316658,60.245,1.0002956828500014,0.18562300784149935,71.0445,1.0002956828500014,0.18562300784149935,71.0445
9749.0,1.0082907952803501,0.22638648043465226,88.796,0.9807778442920009,0.20704743798316658,60.245,1.0002956828500014,0.18562300784149935,71.0445,1.0002956828500014,0.18562300784149935,71.0445
8937.0,1.0082907952803501,0.22638648043465226,88.796,0.9807778442920009,0.20704743798316658,60.245,1.0002956828500014,0.18562300784149935,71.0445,1.0002956828500014,0.18562300784149935,71.0445
8826.0,1.0082907952803501,0.22638648043465226,88.796,0.9807778442920009,0.20704743798316658,60.245,1.0002956828500014,0.18562300784149935,71.0445,1.0002956828500014,0.18562300784149935,71.0445
8847.0,1.0082907952803501,0.22638648043465226,88.796,0.9807778442920009,0.20704743798316658,60.245,1.0002956828500014,0.18562300784149935,71.0445,1.0002956828500014,0.18562300784149935,71.0445
9740.0,1.0082907952803501,0.22638648043465226,88.796,0.9807778442920009,0.20704743798316658,60.245,1.0002956828500014,0.18562300784149935,71.0445,1.0002956828500014,0.18562300784149935,71.0445
8521.0,1.0082907952803501,0.22638648043465226,88.796,0.9807778442920009,0.20704743798316658,60.245,1.0002956828500014,0.18562300784149935,71.0445,1.0002956828500014,0.18562300784149935,71.0445
8589.0,1.0082907952803501,0.22638648043465226,88.796,0.9807778442920009,0.20704743798316658,60.245,1.0002956828500014,0.18562300784149935,71.0445,1.0002956828500014,0.18562300784149935,71.0445
8653.0,1.0082907952803501,0.22638648043465226,88.796,0.9807778442920009,0.20704743798316658,60.245,1.0002956828500014,0.18562300784149935,71.0445,1.0002956828500014,0.18562300784149935,71.0445
9712.0,1.0082907952803501,0.22638648043465226,88.796,0.9807778442920009,0.20704743798316658,60.245,1.0002956828500014,0.18562300784149935,71.0445,1.0002956828500014,0.18562300784149935,71.0445
9274.0,1.0082907952803501,0.22638648043465226,88.796,0.9807778442920009,0.20704743798316658,60.245,1.0002956828500014,0.18562300784149935,71.0445,1.0002956828500014,0.18562300784149935,71.0445
9315.0,1.0082907952803501,0.22638648043465226,88.796,0.9807778442920009,0.20704743798316658,60.245,1.0002956828500014,0.18562300784149935,71.0445,1.0002956828500014,0.18562300784149935,71.0445
8352.0,1.0082907952803501,0.22638648043465226,88.796,0.9807778442920009,0.20704743798316658,60.245,1.0002956828500014,0.18562300784149935,71.0445,1.0002956828500014,0.18562300784149935,71.0445
9857.0,1.0082907952803501,0.22638648043465226,88.796,0.9807778442920009,0.20704743798316658,60.245,1.0002956828500014,0.18562300784149935,71.0445,1.0002956828500014,0.18562300784149935,71.0445
9915.0,1.0082907952803501,0.22638648043465226,88.796,0.9807778442920009,0.20704743798316658,60.245,1.0002956828500014,0.18562300784149935,71.0445,1.0002956828500014,0.18562300784149935,71.0445
9089.0,1.0082907952803501,0.22638648043465226,88.796,0.9807778442920009,0.20704743798316658,60.245,1.0002956828500014,0.18562300784149935,71.0445,1.0002956828500014,0.18562300784149935,71.0445
8841.0,1.0082907952803501,0.22638648043465226,88.796,0.9807778442920009,0.20704743798316658,60.245,1.0002956828500014,0.18562300784149935,71.0445,1.0002956828500014,0.18562300784149935,71.0445
8373.0,1.0082907952803501,0.22638648043465226,88.796,0.9807778442920009,0.20704743798316658,60.245,1.0002956828500014,0.18562300784149935,71.0445,1.0002956828500014,0.18562300784149935,71.0445
8934.0,1.0082907952803501,0.22638648043465226,88.796,0.9807778442920009,0.20704743798316658,60.245,1.0002956828500014,0.18562300784149935,71.0445,1.0002956828500014,0.18562300784149935,71.0445
8759.0,1.0082907952803501,0.22638648043465226,88.796,0.9807778442920009,0.20704743798316658,60.245,1.0002956828500014,0.18562300784149935,71.0445,1.0002956828500014,0.18562300784149935,71.0445
9269.0,1.0082907952803501,0.22638648043465226,88.796,0.9807778442920009,0.20704743798316658,60.245,1.0002956828500014,0.18562300784149935,71.0445,1.0002956828500014,0.18562300784149935,71.0445
8366.0,1.0082907952803501,0.22638648043465226,88.796,0.9807778442920009,0.20704743798316658,60.245,1.0002956828500014,0.18562300784149935,71.0445,1.0002956828500014,0.18562300784149935,71.0445
9794.0,1.0082907952803501,0.22638648043465226,88.796,0.9807778442920009,0.20704743798316658,60.245,1.0002956828500014,0.18562300784149935,71.0445,1.0002956828500014,0.18562300784149935,71.0445
8372.0,1.0082907952803501,0.22638648043465226,88.796,0.9807778442920009,0.20704743798316658,60.245,1.0002956828500014,0.18562300784149935,71.0445,1.0002956828500014,0.18562300784149935,71.0445
9227.0,1.0082907952803501,0.22638648043465226,88.796,0.9807778442920009,0.20704743798316658,60.245,1.0002956828500014,0.18562300784149935,71.0445,1.0002956828500014,0.18562300784149935,71.0445
8955.0,1.0082907952803501,0.22638648043465226,88.796,0.9807778442920009,0.20704743798316658,60.245,1.0002956828500014,0.18562300784149935,71.0445,1.0002956828500014,0.18562300784149935,71.0445
9802.0,1.0082907952803501,0.22638648043465226,88.796,0.9807778442920009,0.20704743798316658,60.245,1.0002956828500014,0.18562300784149935,71.0445,1.0002956828500014,0.18562300784149935,71.0445
8456.0,1.0082907952803501,0.22638648043465226,88.796,0.9807778442920009,0.20704743798316658,60.245,1.0002956828500014,0.18562300784149935,71.0445,1.0002956828500014,0.18562300784149935,71.0445
8737.0,1.0082907952803501,0.22638648043465226,88.796,0.9807778442920009,0.20704743798316658,60.245,1.0002956828500014,0.18562300784149935,71.0445,1.0002956828500014,0.18562300784149935,71.0445
9786.0,1.0082907952803501,0.22638648043465226,88.796,0.9807778442920009,0.20704743798316658,60.245,1.0002956828500014,0.18562300784149935,71.0445,1.0002956828500014,0.18562300784149935,71.0445
8389.0,1.0082907952803501,0.22638648043465226,88.796,0.9807778442920009,0.20704743798316658,60.245,1.0002956828500014,0.18562300784149935,71.0445,1.0002956828500014,0.18562300784149935,71.0445
9852.0,1.0082907952803501,0.22638648043465226,88.796,0.9807778442920009,0.20704743798316658,60.245,1.0002956828500014,0.18562300784149935,71.0445,1.0002956828500014,0.18562300784149935,71.0445
8726.0,1.0082907952803501,0.22638648043465226,88.796,0.9807778442920009,0.20704743798316658,60.245,1.0002956828500014,0.18562300784149935,71.0445,1.0002956828500014,0.18562300784149935,71.0445
8719.0,1.0082907952803501,0.22638648043465226,88.796,0.9807778442920009,0.20704743798316658,60.245,1.0002956828500014,0.18562300784149935,71.0445,1.0002956828500014,0.18562300784149935,71.0445
8425.0,1.0082907952803501,0.22638648043465226,88.796,0.9807778442920009,0.20704743798316658,60.245,1.0002956828500014,0.18562300784149935,71.0445,1.0002956828500014,0.18562300784149935,71.0445
9559.0,1.0082907952803501,0.22638648043465226,88.796,0.9807778442920009,0.20704743798316658,60.245,1.0002956828500014,0.18562300784149935,71.0445,1.0002956828500014,0.18562300784149935,71.0445
8686.0,1.0082907952803501,0.22638648043465226,88.796,0.9807778442920009,0.20704743798316658,60.245,1.0002956828500014,0.18562300784149935,71.0445,1.0002956828500014,0.18562300784149935,71.0445
9119.0,1.0082907952803501,0.22638648043465226,88.796,0.9807778442920009,0.20704743798316658,60.245,1.0002956828500014,0.18562300784149935,71.0445,1.0002956828500014,0.18562300784149935,71.0445
8840.0,1.0082907952803501,0.22638648043465226,88.796,0.9807778442920009,0.20704743798316658,60.245,1.0002956828500014,0.18562300784149935,71.0445,1.0002956828500014,0.18562300784149935,71.0445
8766.0,1.0082907952803501,0.22638648043465226,88.796,0.9807778442920009,0.20704743798316658,60.245,1.0002956828500014,0.18562300784149935,71.0445,1.0002956828500014,0.18562300784149935,71.0445
9300.0,1.0082907952803501,0.22638648043465226,88.796,0.9807778442920009,0.20704743798316658,60.245,1.0002956828500014,0.18562300784149935,71.0445,1.0002956828500014,0.18562300784149935,71.0445
9137.0,1.0082907952803501,0.22638648043465226,88.796,0.9807778442920009,0.20704743798316658,60.245,1.0002956828500014,0.18562300784149935,71.0445,1.0002956828500014,0.18562300784149935,71.0445
8635.0,1.0082907952803501,0.22638648043465226,88.796,0.9807778442920009,0.20704743798316658,60.245,1.0002956828500014,0.18562300784149935,71.0445,1.0002956828500014,0.18562300784149935,71.0445
9002.0,1.0082907952803501,0.22638648043465226,88.796,0.9807778442920009,0.20704743798316658,60.245,1.0002956828500014,0.18562300784149935,71.0445,1.0002956828500014,0.18562300784149935,71.0445
9432.0,1.0082907952803501,0.22638648043465226,88.796,0.9807778442920009,0.20704743798316658,60.245,1.0002956828500014,0.18562300784149935,71.0445,1.0002956828500014,0.18562300784149935,71.0445
9983.0,1.0082907952803501,0.22638648043465226,88.796,0.9807778442920009,0.20704743798316658,60.245,1.0002956828500014,0.18562300784149935,71.0445,1.0002956828500014,0.18562300784149935,71.0445
8636.0,1.0082907952803501,0.22638648043465226,88.796,0.9807778442920009,0.20704743798316658,60.245,1.0002956828500014,0.18562300784149935,71.0445,1.0002956828500014,0.18562300784149935,71.0445
9482.0,1.0082907952803501,0.22638648043465226,88.796,0.9807778442920009,0.20704743798316658,60.245,1.0002956828500014,0.18562300784149935,71.0445,1.0002956828500014,0.18562300784149935,71.0445
8543.0,1.0082907952803501,0.22638648043465226,88.796,0.9807778442920009,0.20704743798316658,60.245,1.0002956828500014,0.18562300784149935,71.0445,1.0002956828500014,0.18562300784149935,71.0445
8806.0,1.0082907952803501,0.22638648043465226,88.796,0.9807778442920009,0.20704743798316658,60.245,1.0002956828500014,0.18562300784149935,71.0445,1.0002956828500014,0.18562300784149935,71.0445
8789.0,1.0082907952803501,0.22638648043465226,88.796,0.9807778442920009,0.20704743798316658,60.245,1.0002956828500014,0.18562300784149935,71.0445,1.0002956828500014,0.18562300784149935,71.0445
9100.0,1.0082907952803501,0.22638648043465226,88.796,0.9807778442920009,0.20704743798316658,60.245,1.0002956828500014,0.18562300784149935,71.0445,1.0002956828500014,0.18562300784149935,71.0445
9102.0,1.0082907952803501,0.22638648043465226,88.796,0.9807778442920009,0.20704743798316658,60.245,1.0002956828500014,0.18562300784149935,71.0445,1.0002956828500014,0.18562300784149935,71.0445
9000.0,1.0082907952803501,0.22638648043465226,88.796,0.9807778442920009,0.20704743798316658,60.245,1.0002956828500014,0.18562300784149935,71.0445,1.0002956828500014,0.18562300784149935,71.0445
9656.0,1.0082907952803501,0.22638648043465226,88.796,0.9807778442920009,0.20704743798316658,60.245,1.0002956828500014,0.18562300784149935,71.0445,1.0002956828500014,0.18562300784149935,71.0445
8487.0,1.0082907952803501,0.22638648043465226,88.796,0.9807778442920009,0.20704743798316658,60.245,1.0002956828500014,0.18562300784149935,71.0445,1.0002956828500014,0.18562300784149935,71.0445
8951.0,1.0082907952803501,0.22638648043465226,88.796,0.9807778442920009,0.20704743798316658,60.245,1.0002956828500014,0.18562300784149935,71.0445,1.0002956828500014,0.18562300784149935,71.0445
9727.0,1.0082907952803501,0.22638648043465226,88.796,0.9807778442920009,0.20704743798316658,60.245,1.0002956828500014,0.18562300784149935,71.0445,1.0002956828500014,0.18562300784149935,71.0445
9438.0,1.0082907952803501,0.22638648043465226,88.796,0.9807778442920009,0.20704743798316658,60.245,1.0002956828500014,0.18562300784149935,71.0445,1.0002956828500014,0.18562300784149935,71.0445
9215.0,1.0082907952803501,0.22638648043465226,88.796,0.9807778442920009,0.20704743798316658,60.245,1.0002956828500014,0.18562300784149935,71.0445,1.0002956828500014,0.18562300784149935,71.0445
9640.0,1.0082907952803501,0.22638648043465226,88.796,0.9807778442920009,0.20704743798316658,60.245,1.0002956828500014,0.18562300784149935,71.0445,1.0002956828500014,0.18562300784149935,71.0445
9571.0,1.0082907952803501,0.22638648043465226,88.796,0.9807778442920009,0.20704743798316658,60.245,1.0002956828500014,0.18562300784149935,71.0445,1.0002956828500014,0.18562300784149935,71.0445
8872.0,1.0082907952803501,0.22638648043465226,88.796,0.9807778442920009,0.20704743798316658,60.245,1.0002956828500014,0.18562300784149935,71.0445,1.0002956828500014,0.18562300784149935,71.0445
9220.0,1.0082907952803501,0.22638648043465226,88.796,0.9807778442920009,0.20704743798316658,60.245,1.0002956828500014,0.18562300784149935,71.0445,1.0002956828500014,0.18562300784149935,71.0445
9183.0,1.0082907952803501,0.22638648043465226,88.796,0.9807778442920009,0.20704743798316658,60.245,1.0002956828500014,0.18562300784149935,71.0445,1.0002956828500014,0.18562300784149935,71.0445
8436.0,1.0082907952803501,0.22638648043465226,88.796,0.9807778442920009,0.20704743798316658,60.245,1.0002956828500014,0.18562300784149935,71.0445,1.0002956828500014,0.18562300784149935,71.0445
8794.0,1.0082907952803501,0.22638648043465226,88.796,0.9807778442920009,0.20704743798316658,60.245,1.0002956828500014,0.18562300784149935,71.0445,1.0002956828500014,0.18562300784149935,71.0445
8556.0,1.0082907952803501,0.22638648043465226,88.796,0.9807778442920009,0.20704743798316658,60.245,1.0002956828500014,0.18562300784149935,71.0445,1.0002956828500014,0.18562300784149935,71.0445
9528.0,1.0082907952803501,0.22638648043465226,88.796,0.9807778442920009,0.20704743798316658,60.245,1.0002956828500014,0.18562300784149935,71.0445,1.0002956828500014,0.18562300784149935,71.0445
8783.0,1.0082907952803501,0.22638648043465226,88.796,0.9807778442920009,0.20704743798316658,60.245,1.0002956828500014,0.18562300784149935,71.0445,1.0002956828500014,0.18562300784149935,71.0445
9484.0,1.0082907952803501,0.22638648043465226,88.796,0.9807778442920009,0.20704743798316658,60.245,1.0002956828500014,0.18562300784149935,71.0445,1.0002956828500014,0.18562300784149935,71.0445
9733.0,1.0082907952803501,0.22638648043465226,88.796,0.9807778442920009,0.20704743798316658,60.245,1.0002956828500014,0.18562300784149935,71.0445,1.0002956828500014,0.18562300784149935,71.0445
8367.0,1.0082907952803501,0.22638648043465226,88.796,0.9807778442920009,0.20704743798316658,60.245,1.0002956828500014,0.18562300784149935,71.0445,1.0002956828500014,0.18562300784149935,71.0445
8698.0,1.0082907952803501,0.22638648043465226,88.796,0.9807778442920009,0.20704743798316658,60.245,1.0002956828500014,0.18562300784149935,71.0445,1.0002956828500014,0.18562300784149935,71.0445
9648.0,1.0082907952803501,0.22638648043465226,88.796,0.9807778442920009,0.20704743798316658,60.245,1.0002956828500014,0.18562300784149935,71.0445,1.0002956828500014,0.18562300784149935,71.0445
8913.0,1.0082907952803501,0.22638648043465226,88.796,0.9807778442920009,0.20704743798316658,60.245,1.0002956828500014,0.18562300784149935,71.0445,1.0002956828500014,0.18562300784149935,71.0445
8956.0,1.0082907952803501,0.22638648043465226,88.796,0.9807778442920009,0.20704743798316658,60.245,1.0002956828500014,0.18562300784149935,71.0445,1.0002956828500014,0.18562300784149935,71.0445
8815.0,1.0082907952803501,0.22638648043465226,88.796,0.9807778442920009,0.20704743798316658,60.245,1.0002956828500014,0.18562300784149935,71.0445,1.0002956828500014,0.18562300784149935,71.0445
9417.0,1.0082907952803501,0.22638648043465226,88.796,0.9807778442920009,0.20704743798316658,60.245,1.0002956828500014,0.18562300784149935,71.0445,1.0002956828500014,0.18562300784149935,71.0445
9050.0,1.0082907952803501,0.22638648043465226,88.796,0.9807778442920009,0.20704743798316658,60.245,1.0002956828500014,0.18562300784149935,71.0445,1.0002956828500014,0.18562300784149935,71.0445
9627.0,1.0082907952803501,0.22638648043465226,88.796,0.9807778442920009,0.20704743798316658,60.245,1.0002956828500014,0.18562300784149935,71.0445,1.0002956828500014,0.18562300784149935,71.0445
9193.0,1.0082907952803501,0.22638648043465226,88.796,0.9807778442920009,0.20704743798316658,60.245,1.0002956828500014,0.18562300784149935,71.0445,1.0002956828500014,0.18562300784149935,71.0445
8417.0,1.0082907952803501,0.22638648043465226,88.796,0.9807778442920009,0.20704743798316658,60.245,1.0002956828500014,0.18562300784149935,71.0445,1.0002956828500014,0.18562300784149935,71.0445
8665.0,1.0082907952803501,0.22638648043465226,88.796,0.9807778442920009,0.20704743798316658,60.245,1.0002956828500014,0.18562300784149935,71.0445,1.0002956828500014,0.18562300784149935,71.0445
8935.0,1.0082907952803501,0.22638648043465226,88.796,0.9807778442920009,0.20704743798316658,60.245,1.0002956828500014,0.18562300784149935,71.0445,1.0002956828500014,0.18562300784149935,71.0445
8457.0,1.0082907952803501,0.22638648043465226,88.796,0.9807778442920009,0.20704743798316658,60.245,1.0002956828500014,0.18562300784149935,71.0445,1.0002956828500014,0.18562300784149935,71.0445
8883.0,1.0082907952803501,0.22638648043465226,88.796,0.9807778442920009,0.20704743798316658,60.245,1.0002956828500014,0.18562300784149935,71.0445,1.0002956828500014,0.18562300784149935,71.0445
9403.0,1.0082907952803501,0.22638648043465226,88.796,0.9807778442920009,0.20704743798316658,60.245,1.0002956828500014,0.18562300784149935,71.0445,1.0002956828500014,0.18562300784149935,71.0445
9837.0,1.0082907952803501,0.22638648043465226,88.796,0.9807778442920009,0.20704743798316658,60.245,1.0002956828500014,0.18562300784149935,71.0445,1.0002956828500014,0.18562300784149935,71.0445
9653.0,1.0082907952803501,0.22638648043465226,88.796,0.9807778442920009,0.20704743798316658,60.245,1.0002956828500014,0.18562300784149935,71.0445,1.0002956828500014,0.18562300784149935,71.0445
8903.0,1.0082907952803501,0.22638648043465226,88.796,0.9807778442920009,0.20704743798316658,60.245,1.0002956828500014,0.18562300784149935,71.0445,1.0002956828500014,0.18562300784149935,71.0445
9265.0,1.0082907952803501,0.22638648043465226,88.796,0.9807778442920009,0.20704743798316658,60.245,1.0002956828500014,0.18562300784149935,71.0445,1.0002956828500014,0.18562300784149935,71.0445
8859.0,1.0082907952803501,0.22638648043465226,88.796,0.9807778442920009,0.20704743798316658,60.245,1.0002956828500014,0.18562300784149935,71.0445,1.0002956828500014,0.18562300784149935,71.0445
9332.0,1.0082907952803501,0.22638648043465226,88.796,0.9807778442920009,0.20704743798316658,60.245,1.0002956828500014,0.18562300784149935,71.0445,1.0002956828500014,0.18562300784149935,71.0445
8757.0,1.0082907952803501,0.22638648043465226,88.796,0.9807778442920009,0.20704743798316658,60.245,1.0002956828500014,0.18562300784149935,71.0445,1.0002956828500014,0.18562300784149935,71.0445
9294.0,1.0082907952803501,0.22638648043465226,88.796,0.9807778442920009,0.20704743798316658,60.245,1.0002956828500014,0.18562300784149935,71.0445,1.0002956828500014,0.18562300784149935,71.0445
9692.0,1.0082907952803501,0.22638648043465226,88.796,0.9807778442920009,0.20704743798316658,60.245,1.0002956828500014,0.18562300784149935,71.0445,1.0002956828500014,0.18562300784149935,71.0445
9246.0,1.0082907952803501,0.22638648043465226,88.796,0.9807778442920009,0.20704743798316658,60.245,1.0002956828500014,0.18562300784149935,71.0445,1.0002956828500014,0.18562300784149935,71.0445
8515.0,1.0082907952803501,0.22638648043465226,88.796,0.9807778442920009,0.20704743798316658,60.245,1.0002956828500014,0.18562300784149935,71.0445,1.0002956828500014,0.18562300784149935,71.0445
8833.0,1.0082907952803501,0.22638648043465226,88.796,0.9807778442920009,0.20704743798316658,60.245,1.0002956828500014,0.18562300784149935,71.0445,1.0002956828500014,0.18562300784149935,71.0445
9689.0,1.0082907952803501,0.22638648043465226,88.796,0.9807778442920009,0.20704743798316658,60.245,1.0002956828500014,0.18562300784149935,71.0445,1.0002956828500014,0.18562300784149935,71.0445
9254.0,1.0082907952803501,0.22638648043465226,88.796,0.9807778442920009,0.20704743798316658,60.245,1.0002956828500014,0.18562300784149935,71.0445,1.0002956828500014,0.18562300784149935,71.0445
9327.0,1.0082907952803501,0.22638648043465226,88.796,0.9807778442920009,0.20704743798316658,60.245,1.0002956828500014,0.18562300784149935,71.0445,1.0002956828500014,0.18562300784149935,71.0445
9015.0,1.0082907952803501,0.22638648043465226,88.796,0.9807778442920009,0.20704743798316658,60.245,1.0002956828500014,0.18562300784149935,71.0445,1.0002956828500014,0.18562300784149935,71.0445
8317.0,1.0082907952803501,0.22638648043465226,88.796,0.9807778442920009,0.20704743798316658,60.245,1.0002956828500014,0.18562300784149935,71.0445,1.0002956828500014,0.18562300784149935,71.0445
9293.0,1.0082907952803501,0.22638648043465226,88.796,0.9807778442920009,0.20704743798316658,60.245,1.0002956828500014,0.18562300784149935,71.0445,1.0002956828500014,0.18562300784149935,71.0445
9880.0,1.0082907952803501,0.22638648043465226,88.796,0.9807778442920009,0.20704743798316658,60.245,1.0002956828500014,0.18562300784149935,71.0445,1.0002956828500014,0.18562300784149935,71.0445
9677.0,1.0082907952803501,0.22638648043465226,88.796,0.9807778442920009,0.20704743798316658,60.245,1.0002956828500014,0.18562300784149935,71.0445,1.0002956828500014,0.18562300784149935,71.0445
8431.0,1.0082907952803501,0.22638648043465226,88.796,0.9807778442920009,0.20704743798316658,60.245,1.0002956828500014,0.18562300784149935,71.0445,1.0002956828500014,0.18562300784149935,71.0445
9182.0,1.0082907952803501,0.22638648043465226,88.796,0.9807778442920009,0.20704743798316658,60.245,1.0002956828500014,0.18562300784149935,71.0445,1.0002956828500014,0.18562300784149935,71.0445
9527.0,1.0082907952803501,0.22638648043465226,88.796,0.9807778442920009,0.20704743798316658,60.245,1.0002956828500014,0.18562300784149935,71.0445,1.0002956828500014,0.18562300784149935,71.0445
9205.0,1.0082907952803501,0.22638648043465226,88.796,0.9807778442920009,0.20704743798316658,60.245,1.0002956828500014,0.18562300784149935,71.0445,1.0002956828500014,0.18562300784149935,71.0445
9810.0,1.0082907952803501,0.22638648043465226,88.796,0.9807778442920009,0.20704743798316658,60.245,1.0002956828500014,0.18562300784149935,71.0445,1.0002956828500014,0.18562300784149935,71.0445
9725.0,1.0082907952803501,0.22638648043465226,88.796,0.9807778442920009,0.20704743798316658,60.245,1.0002956828500014,0.18562300784149935,71.0445,1.0002956828500014,0.18562300784149935,71.0445
8585.0,1.0082907952803501,0.22638648043465226,88.796,0.9807778442920009,0.20704743798316658,60.245,1.0002956828500014,0.18562300784149935,71.0445,1.0002956828500014,0.18562300784149935,71.0445
8350.0,1.0082907952803501,0.22638648043465226,88.796,0.9807778442920009,0.20704743798316658,60.245,1.0002956828500014,0.18562300784149935,71.0445,1.0002956828500014,0.18562300784149935,71.0445
8449.0,1.0082907952803501,0.22638648043465226,88.796,0.9807778442920009,0.20704743798316658,60.245,1.0002956828500014,0.18562300784149935,71.0445,1.0002956828500014,0.18562300784149935,71.0445
8471.0,1.0082907952803501,0.22638648043465226,88.796,0.9807778442920009,0.20704743798316658,60.245,1.0002956828500014,0.18562300784149935,71.0445,1.0002956828500014,0.18562300784149935,71.0445
8692.0,1.0082907952803501,0.22638648043465226,88.796,0.9807778442920009,0.20704743798316658,60.245,1.0002956828500014,0.18562300784149935,71.0445,1.0002956828500014,0.18562300784149935,71.0445
9055.0,1.0082907952803501,0.22638648043465226,88.796,0.9807778442920009,0.20704743798316658,60.245,1.0002956828500014,0.18562300784149935,71.0445,1.0002956828500014,0.18562300784149935,71.0445
8633.0,1.0082907952803501,0.22638648043465226,88.796,0.9807778442920009,0.20704743798316658,60.245,1.0002956828500014,0.18562300784149935,71.0445,1.0002956828500014,0.18562300784149935,71.0445
8620.0,1.0082907952803501,0.22638648043465226,88.796,0.9807778442920009,0.20704743798316658,60.245,1.0002956828500014,0.18562300784149935,71.0445,1.0002956828500014,0.18562300784149935,71.0445
8365.0,1.0082907952803501,0.22638648043465226,88.796,0.9807778442920009,0.20704743798316658,60.245,1.0002956828500014,0.18562300784149935,71.0445,1.0002956828500014,0.18562300784149935,71.0445
9592.0,1.0082907952803501,0.22638648043465226,88.796,0.9807778442920009,0.20704743798316658,60.245,1.0002956828500014,0.18562300784149935,71.0445,1.0002956828500014,0.18562300784149935,71.0445
8704.0,1.0082907952803501,0.22638648043465226,88.796,0.9807778442920009,0.20704743798316658,60.245,1.0002956828500014,0.18562300784149935,71.0445,1.0002956828500014,0.18562300784149935,71.0445
9928.0,1.0082907952803501,0.22638648043465226,88.796,0.9807778442920009,0.20704743798316658,60.245,1.0002956828500014,0.18562300784149935,71.0445,1.0002956828500014,0.18562300784149935,71.0445
9155.0,1.0082907952803501,0.22638648043465226,88.796,0.9807778442920009,0.20704743798316658,60.245,1.0002956828500014,0.18562300784149935,71.0445,1.0002956828500014,0.18562300784149935,71.0445
8845.0,1.0082907952803501,0.22638648043465226,88.796,0.9807778442920009,0.20704743798316658,60.245,1.0002956828500014,0.18562300784149935,71.0445,1.0002956828500014,0.18562300784149935,71.0445
9146.0,1.0082907952803501,0.22638648043465226,88.796,0.9807778442920009,0.20704743798316658,60.245,1.0002956828500014,0.18562300784149935,71.0445,1.0002956828500014,0.18562300784149935,71.0445
9801.0,1.0082907952803501,0.22638648043465226,88.796,0.9807778442920009,0.20704743798316658,60.245,1.0002956828500014,0.18562300784149935,71.0445,1.0002956828500014,0.18562300784149935,71.0445
9138.0,1.0082907952803501,0.22638648043465226,88.796,0.9807778442920009,0.20704743798316658,60.245,1.0002956828500014,0.18562300784149935,71.0445,1.0002956828500014,0.18562300784149935,71.0445
8399.0,1.0082907952803501,0.22638648043465226,88.796,0.9807778442920009,0.20704743798316658,60.245,1.0002956828500014,0.18562300784149935,71.0445,1.0002956828500014,0.18562300784149935,71.0445
8733.0,1.0082907952803501,0.22638648043465226,88.796,0.9807778442920009,0.20704743798316658,60.245,1.0002956828500014,0.18562300784149935,71.0445,1.0002956828500014,0.18562300784149935,71.0445
9425.0,1.0082907952803501,0.22638648043465226,88.796,0.9807778442920009,0.20704743798316658,60.245,1.0002956828500014,0.18562300784149935,71.0445,1.0002956828500014,0.18562300784149935,71.0445
9045.0,1.0082907952803501,0.22638648043465226,88.796,0.9807778442920009,0.20704743798316658,60.245,1.0002956828500014,0.18562300784149935,71.0445,1.0002956828500014,0.18562300784149935,71.0445
8669.0,1.0082907952803501,0.22638648043465226,88.796,0.9807778442920009,0.20704743798316658,60.245,1.0002956828500014,0.18562300784149935,71.0445,1.0002956828500014,0.18562300784149935,71.0445
9028.0,1.0082907952803501,0.22638648043465226,88.796,0.9807778442920009,0.20704743798316658,60.245,1.0002956828500014,0.18562300784149935,71.0445,1.0002956828500014,0.18562300784149935,71.0445
8337.0,1.0082907952803501,0.22638648043465226,88.796,0.9807778442920009,0.20704743798316658,60.245,1.0002956828500014,0.18562300784149935,71.0445,1.0002956828500014,0.18562300784149935,71.0445
9812.0,1.0082907952803501,0.22638648043465226,88.796,0.9807778442920009,0.20704743798316658,60.245,1.0002956828500014,0.18562300784149935,71.0445,1.0002956828500014,0.18562300784149935,71.0445
9975.0,1.0082907952803501,0.22638648043465226,88.796,0.9807778442920009,0.20704743798316658,60.245,1.0002956828500014,0.18562300784149935,71.0445,1.0002956828500014,0.18562300784149935,71.0445
9843.0,1.0082907952803501,0.22638648043465226,88.796,0.9807778442920009,0.20704743798316658,60.245,1.0002956828500014,0.18562300784149935,71.0445,1.0002956828500014,0.18562300784149935,71.0445
8488.0,1.0082907952803501,0.22638648043465226,88.796,0.9807778442920009,0.20704743798316658,60.245,1.0002956828500014,0.18562300784149935,71.0445,1.0002956828500014,0.18562300784149935,71.0445
8886.0,1.0082907952803501,0.22638648043465226,88.796,0.9807778442920009,0.20704743798316658,60.245,1.0002956828500014,0.18562300784149935,71.0445,1.0002956828500014,0.18562300784149935,71.0445
9384.0,1.0082907952803501,0.22638648043465226,88.796,0.9807778442920009,0.20704743798316658,60.245,1.0002956828500014,0.18562300784149935,71.0445,1.0002956828500014,0.18562300784149935,71.0445
8547.0,1.0082907952803501,0.22638648043465226,88.796,0.9807778442920009,0.20704743798316658,60.245,1.0002956828500014,0.18562300784149935,71.0445,1.0002956828500014,0.18562300784149935,71.0445
8823.0,1.0082907952803501,0.22638648043465226,88.796,0.9807778442920009,0.20704743798316658,60.245,1.0002956828500014,0.18562300784149935,71.0445,1.0002956828500014,0.18562300784149935,71.0445
9383.0,1.0082907952803501,0.22638648043465226,88.796,0.9807778442920009,0.20704743798316658,60.245,1.0002956828500014,0.18562300784149935,71.0445,1.0002956828500014,0.18562300784149935,71.0445
9463.0,1.0082907952803501,0.22638648043465226,88.796,0.9807778442920009,0.20704743798316658,60.245,1.0002956828500014,0.18562300784149935,71.0445,1.0002956828500014,0.18562300784149935,71.0445
9226.0,1.0082907952803501,0.22638648043465226,88.796,0.9807778442920009,0.20704743798316658,60.245,1.0002956828500014,0.18562300784149935,71.0445,1.0002956828500014,0.18562300784149935,71.0445
9310.0,1.0082907952803501,0.22638648043465226,88.796,0.9807778442920009,0.20704743798316658,60.245,1.0002956828500014,0.18562300784149935,71.0445,1.0002956828500014,0.18562300784149935,71.0445
9034.0,1.0082907952803501,0.22638648043465226,88.796,0.9807778442920009,0.20704743798316658,60.245,1.0002956828500014,0.18562300784149935,71.0445,1.0002956828500014,0.18562300784149935,71.0445
9705.0,1.0082907952803501,0.22638648043465226,88.796,0.9807778442920009,0.20704743798316658,60.245,1.0002956828500014,0.18562300784149935,71.0445,1.0002956828500014,0.18562300784149935,71.0445
8518.0,1.0082907952803501,0.22638648043465226,88.796,0.9807778442920009,0.20704743798316658,60.245,1.0002956828500014,0.18562300784149935,71.0445,1.0002956828500014,0.18562300784149935,71.0445
9053.0,1.0082907952803501,0.22638648043465226,88.796,0.9807778442920009,0.20704743798316658,60.245,1.0002956828500014,0.18562300784149935,71.0445,1.0002956828500014,0.18562300784149935,71.0445
8799.0,1.0082907952803501,0.22638648043465226,88.796,0.9807778442920009,0.20704743798316658,60.245,1.0002956828500014,0.18562300784149935,71.0445,1.0002956828500014,0.18562300784149935,71.0445
9690.0,1.0082907952803501,0.22638648043465226,88.796,0.9807778442920009,0.20704743798316658,60.245,1.0002956828500014,0.18562300784149935,71.0445,1.0002956828500014,0.18562300784149935,71.0445
9564.0,1.0082907952803501,0.22638648043465226,88.796,0.9807778442920009,0.20704743798316658,60.245,1.0002956828500014,0.18562300784149935,71.0445,1.0002956828500014,0.18562300784149935,71.0445
9073.0,1.0082907952803501,0.22638648043465226,88.796,0.9807778442920009,0.20704743798316658,60.245,1.0002956828500014,0.18562300784149935,71.0445,1.0002956828500014,0.18562300784149935,71.0445
8502.0,1.0082907952803501,0.22638648043465226,88.796,0.9807778442920009,0.20704743798316658,60.245,1.0002956828500014,0.18562300784149935,71.0445,1.0002956828500014,0.18562300784149935,71.0445
8328.0,1.0082907952803501,0.22638648043465226,88.796,0.9807778442920009,0.20704743798316658,60.245,1.0002956828500014,0.18562300784149935,71.0445,1.0002956828500014,0.18562300784149935,71.0445
9888.0,1.0082907952803501,0.22638648043465226,88.796,0.9807778442920009,0.20704743798316658,60.245,1.0002956828500014,0.18562300784149935,71.0445,1.0002956828500014,0.18562300784149935,71.0445
9814.0,1.0082907952803501,0.22638648043465226,88.796,0.9807778442920009,0.20704743798316658,60.245,1.0002956828500014,0.18562300784149935,71.0445,1.0002956828500014,0.18562300784149935,71.0445
9473.0,1.0082907952803501,0.22638648043465226,88.796,0.9807778442920009,0.20704743798316658,60.245,1.0002956828500014,0.18562300784149935,71.0445,1.0002956828500014,0.18562300784149935,71.0445
8384.0,1.0082907952803501,0.22638648043465226,88.796,0.9807778442920009,0.20704743798316658,60.245,1.0002956828500014,0.18562300784149935,71.0445,1.0002956828500014,0.18562300784149935,71.0445
9106.0,1.0082907952803501,0.22638648043465226,88.796,0.9807778442920009,0.20704743798316658,60.245,1.0002956828500014,0.18562300784149935,71.0445,1.0002956828500014,0.18562300784149935,71.0445
9954.0,1.0082907952803501,0.22638648043465226,88.796,0.9807778442920009,0.20704743798316658,60.245,1.0002956828500014,0.18562300784149935,71.0445,1.0002956828500014,0.18562300784149935,71.0445
9462.0,1.0082907952803501,0.22638648043465226,88.796,0.9807778442920009,0.20704743798316658,60.245,1.0002956828500014,0.18562300784149935,71.0445,1.0002956828500014,0.18562300784149935,71.0445
8532.0,1.0082907952803501,0.22638648043465226,88.796,0.9807778442920009,0.20704743798316658,60.245,1.0002956828500014,0.18562300784149935,71.0445,1.0002956828500014,0.18562300784149935,71.0445
9366.0,1.0082907952803501,0.22638648043465226,88.796,0.9807778442920009,0.20704743798316658,60.245,1.0002956828500014,0.18562300784149935,71.0445,1.0002956828500014,0.18562300784149935,71.0445
9185.0,1.0082907952803501,0.22638648043465226,88.796,0.9807778442920009,0.20704743798316658,60.245,1.0002956828500014,0.18562300784149935,71.0445,1.0002956828500014,0.18562300784149935,71.0445
9104.0,1.0082907952803501,0.22638648043465226,88.796,0.9807778442920009,0.20704743798316658,60.245,1.0002956828500014,0.18562300784149935,71.0445,1.0002956828500014,0.18562300784149935,71.0445
9778.0,1.0082907952803501,0.22638648043465226,88.796,0.9807778442920009,0.20704743798316658,60.245,1.0002956828500014,0.18562300784149935,71.0445,1.0002956828500014,0.18562300784149935,71.0445
8748.0,1.0082907952803501,0.22638648043465226,88.796,0.9807778442920009,0.20704743798316658,60.245,1.0002956828500014,0.18562300784149935,71.0445,1.0002956828500014,0.18562300784149935,71.0445
9870.0,1.0082907952803501,0.22638648043465226,88.796,0.9807778442920009,0.20704743798316658,60.245,1.0002956828500014,0.18562300784149935,71.0445,1.0002956828500014,0.18562300784149935,71.0445
8318.0,1.0082907952803501,0.22638648043465226,88.796,0.9807778442920009,0.20704743798316658,60.245,1.0002956828500014,0.18562300784149935,71.0445,1.0002956828500014,0.18562300784149935,71.0445
8989.0,1.0082907952803501,0.22638648043465226,88.796,0.9807778442920009,0.20704743798316658,60.245,1.0002956828500014,0.18562300784149935,71.0445,1.0002956828500014,0.18562300784149935,71.0445
8688.0,1.0082907952803501,0.22638648043465226,88.796,0.9807778442920009,0.20704743798316658,60.245,1.0002956828500014,0.18562300784149935,71.0445,1.0002956828500014,0.18562300784149935,71.0445
8563.0,1.0082907952803501,0.22638648043465226,88.796,0.9807778442920009,0.20704743798316658,60.245,1.0002956828500014,0.18562300784149935,71.0445,1.0002956828500014,0.18562300784149935,71.0445
8557.0,1.0082907952803501,0.22638648043465226,88.796,0.9807778442920009,0.20704743798316658,60.245,1.0002956828500014,0.18562300784149935,71.0445,1.0002956828500014,0.18562300784149935,71.0445
8880.0,1.0082907952803501,0.22638648043465226,88.796,0.9807778442920009,0.20704743798316658,60.245,1.0002956828500014,0.18562300784149935,71.0445,1.0002956828500014,0.18562300784149935,71.0445
8466.0,1.0082907952803501,0.22638648043465226,88.796,0.9807778442920009,0.20704743798316658,60.245,1.0002956828500014,0.18562300784149935,71.0445,1.0002956828500014,0.18562300784149935,71.0445
9535.0,1.0082907952803501,0.22638648043465226,88.796,0.9807778442920009,0.20704743798316658,60.245,1.0002956828500014,0.18562300784149935,71.0445,1.0002956828500014,0.18562300784149935,71.0445
9427.0,1.0082907952803501,0.22638648043465226,88.796,0.9807778442920009,0.20704743798316658,60.245,1.0002956828500014,0.18562300784149935,71.0445,1.0002956828500014,0.18562300784149935,71.0445
9440.0,1.0082907952803501,0.22638648043465226,88.796,0.9807778442920009,0.20704743798316658,60.245,1.0002956828500014,0.18562300784149935,71.0445,1.0002956828500014,0.18562300784149935,71.0445
9078.0,1.0082907952803501,0.22638648043465226,88.796,0.9807778442920009,0.20704743798316658,60.245,1.0002956828500014,0.18562300784149935,71.0445,1.0002956828500014,0.18562300784149935,71.0445
8454.0,1.0082907952803501,0.22638648043465226,88.796,0.9807778442920009,0.20704743798316658,60.245,1.0002956828500014,0.18562300784149935,71.0445,1.0002956828500014,0.18562300784149935,71.0445
8474.0,1.0082907952803501,0.22638648043465226,88.796,0.9807778442920009,0.20704743798316658,60.245,1.0002956828500014,0.18562300784149935,71.0445,1.0002956828500014,0.18562300784149935,71.0445
8340.0,1.0082907952803501,0.22638648043465226,88.796,0.9807778442920009,0.20704743798316658,60.245,1.0002956828500014,0.18562300784149935,71.0445,1.0002956828500014,0.18562300784149935,71.0445
8835.0,1.0082907952803501,0.22638648043465226,88.796,0.9807778442920009,0.20704743798316658,60.245,1.0002956828500014,0.18562300784149935,71.0445,1.0002956828500014,0.18562300784149935,71.0445
9998.0,1.0082907952803501,0.22638648043465226,88.796,0.9807778442920009,0.20704743798316658,60.245,1.0002956828500014,0.18562300784149935,71.0445,1.0002956828500014,0.18562300784149935,71.0445
9868.0,1.0082907952803501,0.22638648043465226,88.796,0.9807778442920009,0.20704743798316658,60.245,1.0002956828500014,0.18562300784149935,71.0445,1.0002956828500014,0.18562300784149935,71.0445
9875.0,1.0082907952803501,0.22638648043465226,88.796,0.9807778442920009,0.20704743798316658,60.245,1.0002956828500014,0.18562300784149935,71.0445,1.0002956828500014,0.18562300784149935,71.0445
8484.0,1.0082907952803501,0.22638648043465226,88.796,0.9807778442920009,0.20704743798316658,60.245,1.0002956828500014,0.18562300784149935,71.0445,1.0002956828500014,0.18562300784149935,71.0445
9409.0,1.0082907952803501,0.22638648043465226,88.796,0.9807778442920009,0.20704743798316658,60.245,1.0002956828500014,0.18562300784149935,71.0445,1.0002956828500014,0.18562300784149935,71.0445
9547.0,1.0082907952803501,0.22638648043465226,88.796,0.9807778442920009,0.20704743798316658,60.245,1.0002956828500014,0.18562300784149935,71.0445,1.0002956828500014,0.18562300784149935,71.0445
9508.0,1.0082907952803501,0.22638648043465226,88.796,0.9807778442920009,0.20704743798316658,60.245,1.0002956828500014,0.18562300784149935,71.0445,1.0002956828500014,0.18562300784149935,71.0445
9453.0,1.0082907952803501,0.22638648043465226,88.796,0.9807778442920009,0.20704743798316658,60.245,1.0002956828500014,0.18562300784149935,71.0445,1.0002956828500014,0.18562300784149935,71.0445
9434.0,1.0082907952803501,0.22638648043465226,88.796,0.9807778442920009,0.20704743798316658,60.245,1.0002956828500014,0.18562300784149935,71.0445,1.0002956828500014,0.18562300784149935,71.0445
8414.0,1.0082907952803501,0.22638648043465226,88.796,0.9807778442920009,0.20704743798316658,60.245,1.0002956828500014,0.18562300784149935,71.0445,1.0002956828500014,0.18562300784149935,71.0445
9866.0,1.0082907952803501,0.22638648043465226,88.796,0.9807778442920009,0.20704743798316658,60.245,1.0002956828500014,0.18562300784149935,71.0445,1.0002956828500014,0.18562300784149935,71.0445
8477.0,1.0082907952803501,0.22638648043465226,88.796,0.9807778442920009,0.20704743798316658,60.245,1.0002956828500014,0.18562300784149935,71.0445,1.0002956828500014,0.18562300784149935,71.0445
9763.0,1.0082907952803501,0.22638648043465226,88.796,0.9807778442920009,0.20704743798316658,60.245,1.0002956828500014,0.18562300784149935,71.0445,1.0002956828500014,0.18562300784149935,71.0445
8573.0,1.0082907952803501,0.22638648043465226,88.796,0.9807778442920009,0.20704743798316658,60.245,1.0002956828500014,0.18562300784149935,71.0445,1.0002956828500014,0.18562300784149935,71.0445
8309.0,1.0082907952803501,0.22638648043465226,88.796,0.9807778442920009,0.20704743798316658,60.245,1.0002956828500014,0.18562300784149935,71.0445,1.0002956828500014,0.18562300784149935,71.0445
9799.0,1.0082907952803501,0.22638648043465226,88.796,0.9807778442920009,0.20704743798316658,60.245,1.0002956828500014,0.18562300784149935,71.0445,1.0002956828500014,0.18562300784149935,71.0445
9995.0,1.0082907952803501,0.22638648043465226,88.796,0.9807778442920009,0.20704743798316658,60.245,1.0002956828500014,0.18562300784149935,71.0445,1.0002956828500014,0.18562300784149935,71.0445
9599.0,1.0082907952803501,0.22638648043465226,88.796,0.9807778442920009,0.20704743798316658,60.245,1.0002956828500014,0.18562300784149935,71.0445,1.0002956828500014,0.18562300784149935,71.0445
9607.0,1.0082907952803501,0.22638648043465226,88.796,0.9807778442920009,0.20704743798316658,60.245,1.0002956828500014,0.18562300784149935,71.0445,1.0002956828500014,0.18562300784149935,71.0445
8718.0,1.0082907952803501,0.22638648043465226,88.796,0.9807778442920009,0.20704743798316658,60.245,1.0002956828500014,0.18562300784149935,71.0445,1.0002956828500014,0.18562300784149935,71.0445
8969.0,1.0082907952803501,0.22638648043465226,88.796,0.9807778442920009,0.20704743798316658,60.245,1.0002956828500014,0.18562300784149935,71.0445,1.0002956828500014,0.18562300784149935,71.0445
9511.0,1.0082907952803501,0.22638648043465226,88.796,0.9807778442920009,0.20704743798316658,60.245,1.0002956828500014,0.18562300784149935,71.0445,1.0002956828500014,0.18562300784149935,71.0445
8867.0,1.0082907952803501,0.22638648043465226,88.796,0.9807778442920009,0.20704743798316658,60.245,1.0002956828500014,0.18562300784149935,71.0445,1.0002956828500014,0.18562300784149935,71.0445
9717.0,1.0082907952803501,0.22638648043465226,88.796,0.9807778442920009,0.20704743798316658,60.245,1.0002956828500014,0.18562300784149935,71.0445,1.0002956828500014,0.18562300784149935,71.0445
9923.0,1.0082907952803501,0.22638648043465226,88.796,0.9807778442920009,0.20704743798316658,60.245,1.0002956828500014,0.18562300784149935,71.0445,1.0002956828500014,0.18562300784149935,71.0445
9154.0,1.0082907952803501,0.22638648043465226,88.796,0.9807778442920009,0.20704743798316658,60.245,1.0002956828500014,0.18562300784149935,71.0445,1.0002956828500014,0.18562300784149935,71.0445
9752.0,1.0082907952803501,0.22638648043465226,88.796,0.9807778442920009,0.20704743798316658,60.245,1.0002956828500014,0.18562300784149935,71.0445,1.0002956828500014,0.18562300784149935,71.0445
9033.0,1.0082907952803501,0.22638648043465226,88.796,0.9807778442920009,0.20704743798316658,60.245,1.0002956828500014,0.18562300784149935,71.0445,1.0002956828500014,0.18562300784149935,71.0445
8915.0,1.0082907952803501,0.22638648043465226,88.796,0.9807778442920009,0.20704743798316658,60.245,1.0002956828500014,0.18562300784149935,71.0445,1.0002956828500014,0.18562300784149935,71.0445
9808.0,1.0082907952803501,0.22638648043465226,88.796,0.9807778442920009,0.20704743798316658,60.245,1.0002956828500014,0.18562300784149935,71.0445,1.0002956828500014,0.18562300784149935,71.0445
9514.0,1.0082907952803501,0.22638648043465226,88.796,0.9807778442920009,0.20704743798316658,60.245,1.0002956828500014,0.18562300784149935,71.0445,1.0002956828500014,0.18562300784149935,71.0445
9065.0,1.0082907952803501,0.22638648043465226,88.796,0.9807778442920009,0.20704743798316658,60.245,1.0002956828500014,0.18562300784149935,71.0445,1.0002956828500014,0.18562300784149935,71.0445
9509.0,1.0082907952803501,0.22638648043465226,88.796,0.9807778442920009,0.20704743798316658,60.245,1.0002956828500014,0.18562300784149935,71.0445,1.0002956828500014,0.18562300784149935,71.0445
9472.0,1.0082907952803501,0.22638648043465226,88.796,0.9807778442920009,0.20704743798316658,60.245,1.0002956828500014,0.18562300784149935,71.0445,1.0002956828500014,0.18562300784149935,71.0445
8777.0,1.0082907952803501,0.22638648043465226,88.796,0.9807778442920009,0.20704743798316658,60.245,1.0002956828500014,0.18562300784149935,71.0445,1.0002956828500014,0.18562300784149935,71.0445
9515.0,1.0082907952803501,0.22638648043465226,88.796,0.9807778442920009,0.20704743798316658,60.245,1.0002956828500014,0.18562300784149935,71.0445,1.0002956828500014,0.18562300784149935,71.0445
9980.0,1.0082907952803501,0.22638648043465226,88.796,0.9807778442920009,0.20704743798316658,60.245,1.0002956828500014,0.18562300784149935,71.0445,1.0002956828500014,0.18562300784149935,71.0445
8713.0,1.0082907952803501,0.22638648043465226,88.796,0.9807778442920009,0.20704743798316658,60.245,1.0002956828500014,0.18562300784149935,71.0445,1.0002956828500014,0.18562300784149935,71.0445
